part_code,product_name,status,start_date,end_date,vs_notes
,,,,,
98733.0,Prod_20478512,,,,
72552.0,Prod_29644303,,,,
94478.0,Prod_81118140,,,,
31677.0,Prod_76526163,,,,
77364.0,Prod_62727837,,,,
84691.0,Prod_42513594,,,,
84131.0,Prod_47019583,,,,
10956.0,Prod_43507437,,,,
88339.0,Prod_71805524,,,,
57908.0,Prod_24977670,,,,
90688.0,Prod_35672948,,,,
16893.0,Prod_23152859,TPR,6/18/25,9/2/25,Whole Foods
57055.0,Prod_12445891,,,,
48258.0,Prod_65133965,,,,
67458.0,Prod_47202695,,,,
92074.0,Prod_25971753,,,,
65609.0,Prod_46609537,,,,
62796.0,Prod_14592971,,,,
46586.0,Prod_61490813,,,,
76024.0,Prod_91027815,,,,
71228.0,Prod_25736347,,,,
50600.0,Prod_42729114,,,,
85039.0,Prod_85455469,,,,
48765.0,Prod_26812315,,,,
55106.0,Prod_22474419,,,,
41419.0,Prod_36331878,,,,
49882.0,Prod_51843826,,,,
18705.0,Prod_21396901,,,,
56479.0,Prod_29361395,,,,
44620.0,Prod_90299635,,,,
89634.0,Prod_69868620,TPR,6/18/25,9/2/25,Whole Foods
98223.0,Prod_45001385,x,,12/31/29,pending 
65168.0,Prod_47434698,,,,
48565.0,Prod_92053596,,,,
92948.0,Prod_34027485,x,7/1/25,7/30/25,Held PO#47645
41821.0,Prod_72549610,,,,
10922.0,Prod_26586089,,,,
47412.0,Prod_69822820,,,,
12920.0,Prod_55774901,,,,
37350.0,Prod_25388140,,,,
37696.0,Prod_12566985,,,,
21485.0,Prod_37725051,,,,
65284.0,Prod_16042623,,,,
77969.0,Prod_70456198,,,,
21411.0,Prod_87246260,,,,
97955.0,Prod_17909692,,,,
64771.0,Prod_50578380,,,,
55272.0,Prod_51902035,,,,
93194.0,Prod_42304868,,,,
19446.0,Prod_16266611,,,,
76656.0,Prod_67420961,,,,
20789.0,Prod_86044595,,,,
61226.0,Prod_60294145,,,,
23116.0,Prod_91841361,,,,
40355.0,Prod_67549155,,,,
72955.0,Prod_94402906,,,,
30079.0,Prod_66847905,,,,
81324.0,Prod_42805488,,,,
81932.0,Prod_63717598,,,,
25485.0,Prod_38465801,,,,
63330.0,Prod_31679792,,,,
23456.0,Prod_65630199,,,,
43496.0,Prod_85491706,,,,
75661.0,Prod_32441832,,,,
15901.0,Prod_39348832,NP,6/1/25,12/31/29,Sprouts
41552.0,Prod_76593454,,,,
55084.0,Prod_42129087,,,,
79042.0,Prod_78305970,,,,
95230.0,Prod_37117109,,,,
66373.0,Prod_44091455,,,,
78836.0,Prod_20751974,,,,
41480.0,Prod_92205514,,,,
99599.0,Prod_71144375,,,,
29956.0,Prod_32347232,,,,
48243.0,Prod_48867788,,,,
63276.0,Prod_94571388,,,,
33247.0,Prod_66169933,,,,
28047.0,Prod_70768134,,,,
65016.0,Prod_51888511,,,,
11542.0,Prod_50777098,,,,
54261.0,Prod_58838304,,,,
50397.0,Prod_71034347,,,,
65591.0,Prod_53248823,,,,
76842.0,Prod_31322007,,,,
69040.0,Prod_68678683,,,,
29508.0,Prod_83423689,,,,
97235.0,Prod_13493159,,,,
47567.0,Prod_85005105,,,,
75697.0,Prod_71172879,,,,
95305.0,Prod_89124472,,,,
63707.0,Prod_35522755,,,,
70576.0,Prod_21090872,,,,
29758.0,Prod_22433758,,,,
52344.0,Prod_41428319,,,,
13709.0,Prod_99021097,,,,
14895.0,Prod_35889668,,,,
27955.0,Prod_24851089,,,,
95999.0,Prod_26951829,,,,
35351.0,Prod_43716317,,,,
10206.0,Prod_95382186,,,,
74732.0,Prod_39972071,,,,
15084.0,Prod_63910570,,,,
92197.0,Prod_88205205,,,,
10163.0,Prod_83843446,,,,
72981.0,Prod_59620228,,,,
94659.0,Prod_69415991,,,,
33275.0,Prod_83811548,,,,
85703.0,Prod_45417631,,,,
82274.0,Prod_60433170,,,,
91264.0,Prod_54659762,,,,
86090.0,Prod_32995069,,,,
36734.0,Prod_69100529,,,,
83479.0,Prod_30421646,,,,
16371.0,Prod_22299085,,,,
63420.0,Prod_53172408,,,,
26052.0,Prod_46475248,,,,
57076.0,Prod_86636413,,,,
15542.0,Prod_75495238,,,,
98726.0,Prod_44934760,,,,
95680.0,Prod_31289218,,,,
13267.0,Prod_42554423,,,,
72680.0,Prod_49714658,,,,
33624.0,Prod_77349701,x,6/26/25,7/16/25,
33793.0,Prod_28098981,x,5/27/25,7/4/25,On Container
31195.0,Prod_10448480,,,,
94896.0,Prod_59910768,,,,
96416.0,Prod_78893486,,,,
33328.0,Prod_65483968,,,,
60108.0,Prod_81130271,,,,
92970.0,Prod_77079543,,,,
18335.0,Prod_26155151,,,,
94328.0,Prod_45572596,,,,
27674.0,Prod_31059652,,,,
47208.0,Prod_16661784,,,,
52823.0,Prod_72610495,,,,
95956.0,Prod_50104427,,,,
40015.0,Prod_59929593,,,,
72046.0,Prod_34200037,,,,
34160.0,Prod_75886247,,,,
58404.0,Prod_75594597,,,,
66133.0,Prod_51973101,,,,
89459.0,Prod_86968001,,,,
92798.0,Prod_42138237,,,,
19268.0,Prod_45690693,,,,
82541.0,Prod_23113112,TPR,6/18/25,9/2/25,Whole Foods
21556.0,Prod_58389213,,,,
86820.0,Prod_38537441,,,,
50818.0,Prod_45426326,,,,
27429.0,Prod_86882389,,,,
70428.0,Prod_27533397,,,,
55236.0,Prod_88886404,,,,
88781.0,Prod_52102115,,,,
79449.0,Prod_33543748,,,,
27850.0,Prod_59478913,,,,
28711.0,Prod_25430014,,,,
48067.0,Prod_27443823,,,,
26163.0,Prod_81734497,,,,
52080.0,Prod_74381884,,,,
99097.0,Prod_48522958,,,,
58200.0,Prod_69633513,,,,
59812.0,Prod_57941339,,,,
88002.0,Prod_62606092,o,5/27/25,12/31/29,
21190.0,Prod_55895063,,,,
52752.0,Prod_85700245,,,,
43623.0,Prod_17861077,,,,
69156.0,Prod_85412687,,,,
13760.0,Prod_78911496,,,,
61399.0,Prod_43674400,,,,
33472.0,Prod_31032762,,,,
83616.0,Prod_38550157,,,,
35431.0,Prod_17712307,,,,
54857.0,Prod_61418773,,,,
16979.0,Prod_10230773,,,,
96205.0,Prod_31012917,,,,
67713.0,Prod_10313486,,,,
44964.0,Prod_88620137,,,,
35227.0,Prod_17871688,,,,
32656.0,Prod_78853471,,,,
59666.0,Prod_63864731,,,,
92368.0,Prod_89945105,,,,
36832.0,Prod_88106985,,,,
24650.0,Prod_69529299,,,,
85564.0,Prod_31068953,,,,
44051.0,Prod_70264671,,,,
18329.0,Prod_20880824,,,,
12839.0,Prod_25641048,,,,
72032.0,Prod_47623716,,,,
24357.0,Prod_83097502,,,,
78673.0,Prod_23160888,,,,
75633.0,Prod_19346624,,,,
86943.0,Prod_66167952,,,,
88258.0,Prod_42364614,,,,
16530.0,Prod_84178987,,,,
21116.0,Prod_87638811,,,,
75794.0,Prod_12532477,,,,
10282.0,Prod_37280458,,,,
89473.0,Prod_43414621,,,,
11898.0,Prod_51467736,,,,
14135.0,Prod_64105555,,,,
16629.0,Prod_83673966,,,,
99087.0,Prod_25838215,,,,
43380.0,Prod_10648811,,,,
77843.0,Prod_86379466,,,,
21205.0,Prod_73940833,,,,
15906.0,Prod_47048350,,,,
73370.0,Prod_24580808,,,,
90685.0,Prod_69673400,,,,
64400.0,Prod_72574636,,,,
35150.0,Prod_11173829,,,,
41852.0,Prod_27001216,,,,
62756.0,Prod_43345926,,,,
36819.0,Prod_78832403,,,,
34217.0,Prod_10550247,,,,
91835.0,Prod_63778501,,,,
40090.0,Prod_37240724,,,,
91623.0,Prod_33694821,,,,
22763.0,Prod_26802701,,,,
65915.0,Prod_48535528,,,,
84663.0,Prod_18281684,,,,
85330.0,Prod_72999791,,,,
19528.0,Prod_30210542,,,,
60100.0,Prod_59500355,,,,
18179.0,Prod_14028202,,,,
65267.0,Prod_47707345,,,,
33952.0,Prod_43281492,,,,
63798.0,Prod_60800679,,,,
14493.0,Prod_58806123,,,,
60139.0,Prod_37562181,,,,
28230.0,Prod_77797985,,,,
38933.0,Prod_47903722,,,,
70058.0,Prod_23093187,,,,
16031.0,Prod_45603096,,,,
27858.0,Prod_82719706,,,,
52417.0,Prod_19415512,,,,
52359.0,Prod_20560118,,,,
29799.0,Prod_90145267,,,,
99859.0,Prod_10921119,,,,
17597.0,Prod_52551482,,,,
57093.0,Prod_84082141,,,,
82127.0,Prod_47040778,,,,
89674.0,Prod_49758489,,,,
13236.0,Prod_19310015,,,,
86449.0,Prod_90646542,,,,
15498.0,Prod_14731108,,,,
86118.0,Prod_51257473,,,,
66882.0,Prod_59793687,,,,
10138.0,Prod_50305362,,,,
85250.0,Prod_14813052,,,,
74353.0,Prod_38851479,,,,
11140.0,Prod_32495901,,,,
11708.0,Prod_72688966,,,,
29595.0,Prod_22896674,!,6/24/25,7/11/25,Held PO#47697
86021.0,Prod_87977840,,,,
38308.0,Prod_80470638,,,,
26859.0,Prod_44728702,,,,
82702.0,Prod_44380106,,,,
88518.0,Prod_55048581,,,,
68954.0,Prod_60339425,,,,
89063.0,Prod_80525554,,,,
22991.0,Prod_48801560,,,,
78344.0,Prod_44004307,,,,
46593.0,Prod_40866401,,,,
61919.0,Prod_55065833,,,,
20886.0,Prod_61836507,,,,
22866.0,Prod_51374432,,,,
62327.0,Prod_46488127,,,,
31281.0,Prod_49678567,,,,
94050.0,Prod_45848216,,,,
20350.0,Prod_56283188,x,6/13/25,7/11/25,Held PO#47697
33478.0,Prod_74341217,,,,
81854.0,Prod_18967280,,,,
67505.0,Prod_54808276,,,,
33554.0,Prod_49849593,,,,
72491.0,Prod_20835155,,,,
83016.0,Prod_61433259,,,,
36672.0,Prod_83541669,,,,
46609.0,Prod_49979390,,,,
11401.0,Prod_78896735,,,,
30936.0,Prod_59999962,,,,
21308.0,Prod_41431694,,,,
55671.0,Prod_11924198,,,,
97265.0,Prod_66212881,x,,7/1/25,
43870.0,Prod_64541546,,,,
31607.0,Prod_71384853,,,,
92152.0,Prod_71925945,,,,
56473.0,Prod_38364041,,,,
33091.0,Prod_70316879,,,,
26241.0,Prod_39586592,,,,
18259.0,Prod_20524658,,,,
65745.0,Prod_49071694,,,,
18711.0,Prod_70231534,,,,
18155.0,Prod_11510699,,,,
34532.0,Prod_13405080,,,,
95867.0,Prod_42705315,,,,
78323.0,Prod_55331559,x,5/27/25,7/4/25,On container
63574.0,Prod_45568106,,,,
95744.0,Prod_51140978,,,,
30058.0,Prod_83448771,,,,
85731.0,Prod_32031765,,,,
76641.0,Prod_33241366,,,,
44540.0,Prod_52980054,,,,
94700.0,Prod_54321802,,,,
67149.0,Prod_90422423,,,,
30466.0,Prod_74731559,,,,
88958.0,Prod_89772932,,,,
41845.0,Prod_60851197,,,,
29456.0,Prod_24686465,,,,
42934.0,Prod_31457521,,,,
31644.0,Prod_72042155,,,,
72021.0,Prod_74453523,,,,
47125.0,Prod_62944946,,,,
36400.0,Prod_23996703,,,,
60445.0,Prod_76411216,,,,
62815.0,Prod_34091828,,,,
42298.0,Prod_87400193,,,,
82827.0,Prod_68409151,,,,
29581.0,Prod_90048411,,,,
26523.0,Prod_82988543,,,,
76960.0,Prod_80082386,,,,
35917.0,Prod_78275171,,,,
32625.0,Prod_61887214,,,,
14117.0,Prod_34368173,,,,
78136.0,Prod_58211013,,,,
74619.0,Prod_63401908,,,,
11306.0,Prod_19504703,,,,
88854.0,Prod_27385464,,,,
92736.0,Prod_12282207,TPR,6/18/25,9/2/25,Whole Foods
82617.0,Prod_39214544,,,,
75048.0,Prod_49132993,,,,
86848.0,Prod_31487153,,,,
47548.0,Prod_33455304,,,,
46945.0,Prod_71050021,,,,
99211.0,Prod_45969040,o,5/27/25,12/31/29,
27889.0,Prod_16737116,,,,
65612.0,Prod_65919307,,,,
34031.0,Prod_42614771,,,,
45618.0,Prod_44831788,,,,
43687.0,Prod_37400131,,,,
21094.0,Prod_20848809,,,,
43418.0,Prod_29741407,,,,
45595.0,Prod_80799073,,,,
40908.0,Prod_43372512,,,,
49104.0,Prod_29990418,,,,
28062.0,Prod_66088096,,,,
12581.0,Prod_29120516,,,,
57664.0,Prod_92555612,,,,
45710.0,Prod_97219646,,,,
55913.0,Prod_46673802,,,,
98031.0,Prod_37125909,,,,
54948.0,Prod_11025328,,,,
90764.0,Prod_79641321,,,,
35183.0,Prod_79737068,,,,
96795.0,Prod_41768073,,,,
44087.0,Prod_89590884,,,,
14627.0,Prod_64513576,,,,
92289.0,Prod_66019281,,,,
94021.0,Prod_29580955,,,,
88513.0,Prod_52789213,,,,
29874.0,Prod_47939900,,,,
17674.0,Prod_35860911,,,,
14138.0,Prod_52324661,,,,
85945.0,Prod_66187813,,,,
63053.0,Prod_57124489,,,,
60489.0,Prod_44519723,,,,
93104.0,Prod_45105016,,,,
96346.0,Prod_33545025,,,,
77087.0,Prod_76507178,,,,
79906.0,Prod_83676002,,,,
34170.0,Prod_18206192,,,,
18024.0,Prod_49826251,,,,
53427.0,Prod_79681798,,,,
48506.0,Prod_83489639,,,,
57195.0,Prod_38810254,,,,
64122.0,Prod_62180686,,,,
83539.0,Prod_11433210,,,,
15103.0,Prod_36671114,,,,
42828.0,Prod_16816487,,,,
36489.0,Prod_30389760,,,,
79463.0,Prod_70253106,,,,
64316.0,Prod_57361186,,,,
15520.0,Prod_26081539,,,,
96465.0,Prod_16495948,,,,
51605.0,Prod_57635861,,,,
24955.0,Prod_50643354,,,,
54049.0,Prod_30845925,,,,
80293.0,Prod_75782967,,,,
88581.0,Prod_46721752,,,,
74925.0,Prod_62234081,,,,
80269.0,Prod_17665809,,,,
51458.0,Prod_65175214,,,,
49082.0,Prod_57563814,,,,
45529.0,Prod_75619425,,,,
79166.0,Prod_85670691,,,,
57861.0,Prod_18424966,,,,
40009.0,Prod_17913529,,,,
57937.0,Prod_30049929,,,,
76458.0,Prod_89095657,,,,
37526.0,Prod_22695946,,,,
82374.0,Prod_87963357,,,,
10917.0,Prod_37206133,,,,
33470.0,Prod_16580986,,,,
69821.0,Prod_14409764,,,,
32439.0,Prod_72822847,,,,
24995.0,Prod_38111767,,,,
33559.0,Prod_57126083,,,,
99049.0,Prod_33805112,,,,
35517.0,Prod_28250614,,,,
32250.0,Prod_22375804,,,,
98151.0,Prod_11771053,,,,
13327.0,Prod_29395903,,,,
39768.0,Prod_14596147,,,,
74418.0,Prod_43441182,,,,
25160.0,Prod_58980269,,,,
66583.0,Prod_72801744,,,,
37230.0,Prod_30131432,,,,
19076.0,Prod_56944012,,,,
24715.0,Prod_62982387,,,,
15750.0,Prod_83309865,,,,
97985.0,Prod_41767021,,,,
79681.0,Prod_17759376,x,,6/9/25,6/16 Pending
42101.0,Prod_16312359,,,,
67124.0,Prod_63983200,,,,
89655.0,Prod_86429587,,,,
64567.0,Prod_13830651,,,,
47099.0,Prod_90697269,,,,
92569.0,Prod_34817827,,,,
25408.0,Prod_84145829,,,,
67980.0,Prod_88969176,,,,
92956.0,Prod_51031713,,,,
26351.0,Prod_38803037,,,,
57893.0,Prod_17718522,,,,
44057.0,Prod_12072137,,,,
95238.0,Prod_64494021,,,,
61934.0,Prod_35577008,,,,
20345.0,Prod_91558999,,,,
64219.0,Prod_43714789,,,,
53856.0,Prod_32612724,,,,
41379.0,Prod_41239663,,,,
59996.0,Prod_51789017,,,,
72790.0,Prod_16386315,,,,
41480.0,Prod_57546989,,,,
30527.0,Prod_48279590,,,,
21151.0,Prod_24375350,,,,
30789.0,Prod_69264926,,,,
93494.0,Prod_44334822,,,,
19018.0,Prod_37046671,,,,
67021.0,Prod_17129702,,,,
39437.0,Prod_90473069,,,,
56675.0,Prod_68883067,,,,
29942.0,Prod_32685240,,,,
30862.0,Prod_10483753,,,,
21669.0,Prod_55930986,,,,
20878.0,Prod_28715922,,,,
12985.0,Prod_72562188,TPR,6/18/25,9/2/25,Whole Foods
83648.0,Prod_34996532,,,,
28931.0,Prod_74845640,,,,
10336.0,Prod_69277868,,,,
81386.0,Prod_71197528,,,,
96124.0,Prod_40427702,,,,
87485.0,Prod_77014095,,,,
84055.0,Prod_21183241,,,,
87273.0,Prod_79286168,x,6/20/25,7/14/25,
64028.0,Prod_71933519,,,,
81128.0,Prod_31065399,,,,
43885.0,Prod_70136814,,,,
53391.0,Prod_64371466,,,,
41027.0,Prod_78031542,,,,
45464.0,Prod_50556690,,,,
93424.0,Prod_65906922,,,,
26061.0,Prod_72314211,,,,
38810.0,Prod_19854910,,,,
85476.0,Prod_40313257,,,,
79460.0,Prod_38423050,,,,
23233.0,Prod_45745337,,,,
11051.0,Prod_59859813,,,,
86918.0,Prod_65797408,,,,
54757.0,Prod_24644137,,,,
61257.0,Prod_72362296,,,,
66889.0,Prod_43217265,,,,
48134.0,Prod_23445054,,,,
37323.0,Prod_35443743,,,,
81762.0,Prod_67540539,,,,
97225.0,Prod_84495095,,,,
58847.0,Prod_49831287,,,,
54041.0,Prod_68034398,,,,
29738.0,Prod_22001444,,,,
22392.0,Prod_16495948,,,,
54724.0,Prod_14143017,,,,
42299.0,Prod_74850302,,,,
44812.0,Prod_35200868,,,,
84711.0,Prod_38383175,,,,
11987.0,Prod_17530807,,,,
35105.0,Prod_26081814,,,,
52946.0,Prod_83539036,,,,
63592.0,Prod_76230628,,,,
43776.0,Prod_73715317,,,,
14298.0,Prod_44575894,,,,
96207.0,Prod_10654731,,,,
70652.0,Prod_39056601,,,,
30316.0,Prod_79911105,,,,
16078.0,Prod_56113798,,,,
98020.0,Prod_47886545,,,,
49454.0,Prod_13646358,,,,
11587.0,Prod_36830525,,,,
64710.0,Prod_73148855,,,,
28816.0,Prod_38275359,,,,
95824.0,Prod_42098812,,,,
39432.0,Prod_88054707,,,,
58617.0,Prod_39362998,,,,
82373.0,Prod_75391992,,,,
30884.0,Prod_58428596,,,,
18848.0,Prod_31332731,,,,
96444.0,Prod_51692960,,,,
85504.0,Prod_49912814,,,,
19275.0,Prod_56926208,,,,
23269.0,Prod_78373580,,,,
98209.0,Prod_49841063,,,,
85139.0,Prod_13688853,,,,
68829.0,Prod_83313742,,,,
39227.0,Prod_38976471,,,,
25086.0,Prod_88132552,,,,
27387.0,Prod_41170686,,,,
37042.0,Prod_25230381,,,,
99424.0,Prod_53583192,,,,
20283.0,Prod_46398509,,,,
72780.0,Prod_67949411,,,,
49791.0,Prod_28886357,,,,
72653.0,Prod_62925382,,,,
23699.0,Prod_67927600,,,,
80423.0,Prod_81771080,,,,
60113.0,Prod_59718235,,,,
62999.0,Prod_75938416,,,,
46966.0,Prod_59311588,,,,
85209.0,Prod_17495118,,,,
37877.0,Prod_57105561,,,,
68001.0,Prod_50795842,,,,
48084.0,Prod_66592456,,,,
91780.0,Prod_68309289,,,,
47034.0,Prod_65245635,,,,
50317.0,Prod_82698592,,,,
65468.0,Prod_56482151,,,,
29094.0,Prod_20093352,,,,
29601.0,Prod_52212596,,,,
60599.0,Prod_23814371,,,,
81545.0,Prod_47168540,,,,
14552.0,Prod_54033908,,,,
78207.0,Prod_80789048,,,,
82055.0,Prod_85940108,,,,
88270.0,Prod_29770271,,,,
35416.0,Prod_37781029,,,,
88916.0,Prod_74513111,,,,
45699.0,Prod_89071586,,,,
73768.0,Prod_65576577,,,,
41980.0,Prod_54674154,,,,
99335.0,Prod_87473719,,,,
96700.0,Prod_92216975,,,,
37526.0,Prod_91728562,,,,
57947.0,Prod_59090626,,,,
57224.0,Prod_59252893,,,,
70410.0,Prod_89535056,,,,
51198.0,Prod_46708410,,,,
14686.0,Prod_81719039,,,,
42006.0,Prod_21676733,,,,
26524.0,Prod_15966898,,,,
38202.0,Prod_42805604,,,,
35095.0,Prod_51768729,,,,
32927.0,Prod_30258426,,,,
76630.0,Prod_11309321,,,,
62347.0,Prod_91117420,,,,
98860.0,Prod_52190407,,,,
55283.0,Prod_90193904,,,,
99874.0,Prod_48416714,,,,
22748.0,Prod_30732125,,,,
31097.0,Prod_22037899,,,,
80469.0,Prod_64320254,,,,
14926.0,Prod_23793932,,,,
96486.0,Prod_63815495,,,,
55896.0,Prod_87712376,,,,
67062.0,Prod_62482751,,,,
89762.0,Prod_90756944,,,,
23861.0,Prod_88671170,,,,
98302.0,Prod_49252324,,,,
73928.0,Prod_67971548,,,,
49560.0,Prod_28252226,,,,
43654.0,Prod_21464098,,,,
54910.0,Prod_35114042,,,,
93291.0,Prod_36182866,x,6/24/25,7/11/25,Held PO#47685
17135.0,Prod_87693489,x,6/24/25,7/11/25,
10320.0,Prod_52801282,x,6/24/25,7/11/25,
65913.0,Prod_27348078,,,,
95962.0,Prod_82091671,,,,
58803.0,Prod_17363344,,,,
41899.0,Prod_64867147,,,,
42083.0,Prod_84336490,,,,
26663.0,Prod_17973147,,,,
20553.0,Prod_34265549,,,,
16135.0,Prod_57558916,,,,
15573.0,Prod_45617504,,,,
63687.0,Prod_37593928,,,,
78312.0,Prod_88513867,,,,
38835.0,Prod_33309087,,,,
63370.0,Prod_61133190,,,,
81117.0,Prod_45713284,,,,
66918.0,Prod_79484889,,,,
91422.0,Prod_72593603,,,,
92291.0,Prod_52619047,,,,
46634.0,Prod_48299331,,,,
33382.0,Prod_15263038,,,,
32394.0,Prod_40117808,,,,
91845.0,Prod_16895299,,,,
98314.0,Prod_23236550,,,,
73108.0,Prod_26336884,,,,
19726.0,Prod_71322380,,,,
50542.0,Prod_62380194,,,,
89788.0,Prod_34255435,,,,
25960.0,Prod_86526704,,,,
40791.0,Prod_18143290,,,,
35216.0,Prod_24807369,,,,
42467.0,Prod_45339309,,,,
72047.0,Prod_49967470,,,,
14042.0,Prod_83587778,,,,
60733.0,Prod_49950970,,,,
44754.0,Prod_19026497,,,,
73927.0,Prod_13840039,,,,
96226.0,Prod_38545728,,,,
94719.0,Prod_89404134,,,,
64478.0,Prod_47822944,,,,
70197.0,Prod_84254229,,,,
75911.0,Prod_11523545,,,,
70739.0,Prod_86946847,,,,
40133.0,Prod_71423548,,,,
92666.0,Prod_77818113,,,,
67656.0,Prod_65616575,,,,
14633.0,Prod_76437385,,,,
25540.0,Prod_43802529,,,,
82255.0,Prod_97030994,,,,
51203.0,Prod_29756821,,,,
35081.0,Prod_50543196,,,,
71861.0,Prod_36194165,,,,
15867.0,Prod_62940104,,,,
22242.0,Prod_52954770,,,,
58785.0,Prod_77050968,,,,
76972.0,Prod_30018235,,,,
17354.0,Prod_55266337,,,,
40979.0,Prod_53156018,,,,
62774.0,Prod_78282013,,,,
15037.0,Prod_59030901,,,,
38633.0,Prod_25371452,,,,
34495.0,Prod_47442741,,,,
74550.0,Prod_56749977,,,,
38926.0,Prod_15925725,,,,
83984.0,Prod_29105018,,,,
53390.0,Prod_76851478,,,,
19927.0,Prod_28373593,,,,
18346.0,Prod_75129512,,,,
95414.0,Prod_59502595,,,,
34846.0,Prod_59343324,x,,12/31/29,No Allocation
15606.0,Prod_89599522,,,,
91418.0,Prod_75757560,,,,
65798.0,Prod_32967260,,,,
54116.0,Prod_47440581,,,,
88002.0,Prod_53544223,,,,
52614.0,Prod_85683258,,,,
85163.0,Prod_26731587,x,6/4/25,7/9/25,
22720.0,Prod_44802722,,,,
98583.0,Prod_84763776,,,,
30470.0,Prod_88234076,,,,
97939.0,Prod_12899743,,,,
52674.0,Prod_59933331,,,,
66652.0,Prod_56740550,,,,
92936.0,Prod_63278894,,,,
54439.0,Prod_65672717,,,,
24308.0,Prod_41155138,,,,
45081.0,Prod_21838023,,,,
43073.0,Prod_34006077,,,,
36299.0,Prod_51347260,,,,
68861.0,Prod_52818660,,,,
24506.0,Prod_45826377,,,,
89854.0,Prod_81115660,,,,
48417.0,Prod_42669301,,,,
62413.0,Prod_14250492,,,,
75066.0,Prod_77408212,,,,
69213.0,Prod_76968099,,,,
60971.0,Prod_86993354,,,,
38091.0,Prod_52432868,,,,
60494.0,Prod_31663864,,,,
11079.0,Prod_27130618,,,,
28610.0,Prod_49186414,,,,
65432.0,Prod_40481659,,,,
90863.0,Prod_80315643,,,,
49449.0,Prod_43510912,,,,
39709.0,Prod_86302071,,,,
85179.0,Prod_89708904,,,,
62349.0,Prod_49009496,,,,
66356.0,Prod_47415032,,,,
15730.0,Prod_83368003,,,,
81138.0,Prod_19478465,,,,
93111.0,Prod_23771901,,,,
29023.0,Prod_23010265,,,,
55349.0,Prod_12614314,,,,
91533.0,Prod_14250492,,,,
93286.0,Prod_37599044,,,,
51979.0,Prod_39156606,,,,
32837.0,Prod_70483831,,,,
24997.0,Prod_29271159,,,,
55039.0,Prod_11287460,,,,
12887.0,Prod_11544665,,,,
14758.0,Prod_32787409,,,,
10490.0,Prod_83295509,,,,
78116.0,Prod_47011586,,,,
71075.0,Prod_32260225,,,,
77163.0,Prod_64341387,,,,
73212.0,Prod_65886845,,,,
60210.0,Prod_43155954,,,,
94518.0,Prod_41434339,,,,
90158.0,Prod_88403989,,,,
59630.0,Prod_76165409,,,,
15033.0,Prod_20220468,,,,
97134.0,Prod_82642036,,,,
17533.0,Prod_75947149,,,,
48498.0,Prod_90867742,,,,
23798.0,Prod_26014579,,,,
75364.0,Prod_50737122,,,,
27558.0,Prod_60890782,,,,
54237.0,Prod_42962554,,,,
75497.0,Prod_38247030,,,,
10178.0,Prod_70505630,,,,
96006.0,Prod_45416259,,,,
82833.0,Prod_37766030,,,,
35791.0,Prod_55535495,,,,
11515.0,Prod_45273574,,,,
38350.0,Prod_45939538,,,,
81894.0,Prod_39776677,,,,
73772.0,Prod_87232505,,,,
91010.0,Prod_35110895,,,,
14922.0,Prod_34772919,,,,
71826.0,Prod_17485924,,,,
76151.0,Prod_49243692,,,,
84694.0,Prod_87097325,,,,
30651.0,Prod_85860433,,,,
26766.0,Prod_50629373,,,,
21695.0,Prod_12991240,,,,
44159.0,Prod_80543237,,,,
21516.0,Prod_77817929,,,,
60492.0,Prod_79688250,,,,
80990.0,Prod_56167072,,,,
36957.0,Prod_61509338,,,,
52065.0,Prod_83940889,,,,
44758.0,Prod_11257497,,,,
15596.0,Prod_86930019,,,,
37388.0,Prod_74605781,,,,
25960.0,Prod_29185223,,,,
99360.0,Prod_66168158,,,,
61702.0,Prod_75257461,,,,
99813.0,Prod_30473617,,,,
44474.0,Prod_54696882,,,,
47052.0,Prod_83723536,,,,
43686.0,Prod_12325191,,,,
73261.0,Prod_26817288,,,,
89465.0,Prod_41365349,,,,
47333.0,Prod_62652529,,,,
77946.0,Prod_22070238,,,,
77356.0,Prod_29026517,,,,
62116.0,Prod_16015280,,,,
48871.0,Prod_71245345,,,,
71382.0,Prod_32154093,,,,
42574.0,Prod_24755066,,,,
51910.0,Prod_79677339,,,,
83531.0,Prod_36875297,,,,
35186.0,Prod_40506581,,,,
32813.0,Prod_37758352,,,,
88812.0,Prod_48074645,,,,
95525.0,Prod_57491120,,,,
88282.0,Prod_91009019,,,,
77695.0,Prod_64980872,,,,
14368.0,Prod_73949651,,,,
91463.0,Prod_40155229,!,,,
36081.0,Prod_15822012,,,,
74384.0,Prod_93439892,,,,
59737.0,Prod_61158615,,,,
43302.0,Prod_13474351,,,,
90356.0,Prod_36328796,,,,
92821.0,Prod_31440543,,,,
80934.0,Prod_42934234,,,,
86396.0,Prod_15591702,x,,7/28/25,
95711.0,Prod_84422108,,,,
98646.0,Prod_81465909,,,,
36655.0,Prod_36162381,,,,
82635.0,Prod_16229202,,,,
20313.0,Prod_75582875,x,,7/30/25,Pending Bottling
24130.0,Prod_72371203,,,,
70942.0,Prod_73520492,,,,
60617.0,Prod_32892638,,,,
25630.0,Prod_16042526,,,,
30056.0,Prod_42477252,,,,
17382.0,Prod_17107604,x,,7/30/25,Pending Bottling
56041.0,Prod_86862587,,,,
10992.0,Prod_92222116,,,,
77657.0,Prod_32377838,,,,
71868.0,Prod_55217336,,,,
27272.0,Prod_90119008,NP,6/1/25,9/1/25,Sprouts
33345.0,Prod_40290490,!,,,
42919.0,Prod_99057176,,,,
67196.0,Prod_57630147,,,,
11552.0,Prod_68809964,,,,
61272.0,Prod_87106180,,,,
84462.0,Prod_20946642,,,,
87004.0,Prod_18419676,x,,12/31/29,Pending
50718.0,Prod_40360983,TPR,6/18/25,9/2/25,Whole Foods
48367.0,Prod_63388267,,,,
84797.0,Prod_65799121,,,,
21549.0,Prod_62633273,,,,
45709.0,Prod_70274982,x,,6/9/25,6/16 Pending
82603.0,Prod_74133250,,,,
52919.0,Prod_39146248,,,,
93521.0,Prod_87337042,,,,
49041.0,Prod_39320193,,,,
20358.0,Prod_33080877,,,,
55689.0,Prod_66827864,,,,
11936.0,Prod_59062262,,,,
53965.0,Prod_39503104,,,,
38885.0,Prod_38063001,,,,
50056.0,Prod_28214807,,,,
86411.0,Prod_27604960,,,,
76275.0,Prod_26835412,,,,
77081.0,Prod_69070416,,,,
39140.0,Prod_54958321,,,,
33331.0,Prod_44398780,,,,
23749.0,Prod_41088942,,,,
50325.0,Prod_83789691,x,,7/30/25,Pending Bottling
76406.0,Prod_10970057,,,,
99160.0,Prod_53241710,,,,
69979.0,Prod_86828827,,,,
88532.0,Prod_13835468,x,,6/4/25,2023v | 6/16 Pending
96840.0,Prod_83104413,,,,
52281.0,Prod_24420452,,,,
27400.0,Prod_45881339,x,,7/30/25,Pending Bottling
29222.0,Prod_53796188,,,,
51139.0,Prod_39295325,,,,
51302.0,Prod_42006517,,,,
18646.0,Prod_20466220,,,,
88353.0,Prod_31985162,,,,
61428.0,Prod_14163024,,,,
47265.0,Prod_58929214,,,,
16727.0,Prod_66870271,,,,
42427.0,Prod_51063788,,,,
41625.0,Prod_63052681,,,,
34918.0,Prod_68484257,,,,
51136.0,Prod_17862414,,,,
62409.0,Prod_55989283,,,,
25577.0,Prod_29229045,,,,
95155.0,Prod_69351327,,,,
43313.0,Prod_51600159,,,,
37829.0,Prod_53184412,,,,
90908.0,Prod_29609513,,,,
65934.0,Prod_74311741,,,,
77334.0,Prod_10459638,,,,
39087.0,Prod_23789509,,,,
21618.0,Prod_30960772,,,,
18446.0,Prod_74697555,,,,
97182.0,Prod_44705473,,,,
71465.0,Prod_81600771,,,,
42152.0,Prod_81645153,,,,
36331.0,Prod_13226136,,,,
10877.0,Prod_48966094,,,,
58353.0,Prod_11195967,,,,
93308.0,Prod_19797680,,,,
61567.0,Prod_91390567,,,,
67913.0,Prod_87576215,,,,
12637.0,Prod_40453899,,,,
82778.0,Prod_51931361,,,,
56762.0,Prod_85758021,,,,
98741.0,Prod_30557328,,,,
65044.0,Prod_12685519,,,,
83948.0,Prod_18948245,,,,
79202.0,Prod_56260216,,,,
47045.0,Prod_89239228,,,,
96322.0,Prod_74306423,,,,
81051.0,Prod_79675905,,,,
29403.0,Prod_44363686,,,,
52292.0,Prod_12830948,,,,
18417.0,Prod_90212364,,,,
47335.0,Prod_70750406,,,,
79351.0,Prod_36940939,,,,
27718.0,Prod_74811594,,,,
97508.0,Prod_21186627,,,,
93767.0,Prod_64043361,,,,
49619.0,Prod_63885712,,,,
22126.0,Prod_37787673,,,,
28174.0,Prod_16699545,,,,
74919.0,Prod_10535036,,,,
46674.0,Prod_81600631,,,,
77609.0,Prod_56852904,,,,
64469.0,Prod_17671033,,,,
27194.0,Prod_74702045,,,,
36811.0,Prod_46488344,,,,
82377.0,Prod_83763438,,,,
53723.0,Prod_88870564,,,,
86298.0,Prod_39677123,,,,
69238.0,Prod_40724822,,,,
12147.0,Prod_75596144,,,,
48445.0,Prod_84323187,,,,
63803.0,Prod_42237713,,,,
71108.0,Prod_59033035,,,,
12013.0,Prod_17894560,,,,
95617.0,Prod_47974788,,,,
92410.0,Prod_90250738,,,,
63502.0,Prod_40392166,,,,
18733.0,Prod_17400563,,,,
19479.0,Prod_33911598,,,,
85361.0,Prod_54258548,,,,
31304.0,Prod_26185774,,,,
45694.0,Prod_43569715,,,,
91171.0,Prod_72235419,,,,
96296.0,Prod_66776044,,,,
19490.0,Prod_24083183,,,,
31252.0,Prod_81572630,,,,
16862.0,Prod_49395583,,,,
79959.0,Prod_30146641,,,,
20450.0,Prod_13878177,,,,
66022.0,Prod_92152116,,,,
71991.0,Prod_83952228,,,,
45490.0,Prod_17587730,,,,
27548.0,Prod_87371371,,,,
88209.0,Prod_61925152,,,,
93565.0,Prod_49559932,x,6/23/25,12/31/29,ICON/Not for General Market
98090.0,Prod_44069610,,,,
41826.0,Prod_30158629,!,5/26/25,7/1/25,
52879.0,Prod_73503684,x,,12/31/29,No ETA on restock
67265.0,Prod_34150825,,,,
50927.0,Prod_64045515,,,,
19969.0,Prod_91755371,,,,
22404.0,Prod_67552551,,,,
18989.0,Prod_63905572,,,,
75305.0,Prod_65191605,,,,
45983.0,Prod_84586071,,,,
49462.0,Prod_63457871,,,,
29360.0,Prod_85216368,,,,
36287.0,Prod_61752257,,,,
75472.0,Prod_87207431,,,,
71313.0,Prod_15838714,,,,
44160.0,Prod_24228003,,,,
16789.0,Prod_77078074,,,,
37181.0,Prod_19351016,,,,
24385.0,Prod_40389308,,,,
92597.0,Prod_40836853,,,,
75641.0,Prod_21892711,,,,
54247.0,Prod_80130642,,,,
96673.0,Prod_73008188,,,,
44550.0,Prod_12428834,,,,
13981.0,Prod_19588129,,,,
81218.0,Prod_78743999,,,,
81318.0,Prod_64151580,,,,
26984.0,Prod_74394152,,,,
32760.0,Prod_74249959,,,,
11524.0,Prod_60601679,,,,
59402.0,Prod_82474468,,,,
70663.0,Prod_80717246,,,,
83953.0,Prod_14394889,,,,
76745.0,Prod_67533638,,,,
47921.0,Prod_66212445,,,,
80434.0,Prod_45101332,,,,
28562.0,Prod_73095808,,,,
74510.0,Prod_34813603,,,,
17610.0,Prod_33703703,,,,
25791.0,Prod_14480404,,,,
68047.0,Prod_55929853,,,,
29665.0,Prod_52568141,,,,
80246.0,Prod_21269619,,,,
16794.0,Prod_40628628,,,,
42888.0,Prod_20007330,,,,
16749.0,Prod_23719151,,,,
23503.0,Prod_43810933,,,,
79211.0,Prod_61426577,,,,
69557.0,Prod_17614254,,,,
75054.0,Prod_96596236,,,,
11906.0,Prod_47560560,,,,
50167.0,Prod_34684906,,,,
36140.0,Prod_48105070,,,,
68701.0,Prod_84762862,,,,
87567.0,Prod_55952789,,,,
90664.0,Prod_63376617,,,,
91199.0,Prod_55122923,,,,
91218.0,Prod_53577556,,,,
90729.0,Prod_33280153,,,,
60568.0,Prod_67775865,,,,
83302.0,Prod_56632991,,,,
39504.0,Prod_13345171,,,,
47146.0,Prod_82711226,,,,
78607.0,Prod_73230041,,,,
26939.0,Prod_59751379,,,,
45321.0,Prod_78739608,,,,
11779.0,Prod_68220737,,,,
28733.0,Prod_46980986,,,,
29157.0,Prod_80278486,,,,
45030.0,Prod_63686573,,,,
29613.0,Prod_54268270,,,,
93028.0,Prod_93672458,,,,
96282.0,Prod_11170591,,,,
15188.0,Prod_82648175,,,,
39680.0,Prod_18474537,,,,
70119.0,Prod_22344042,,,,
84400.0,Prod_27353948,,,,
65718.0,Prod_90271670,,,,
46445.0,Prod_74067736,,,,
15796.0,Prod_25333994,,,,
57218.0,Prod_86436039,,,,
46839.0,Prod_67567252,,,,
78322.0,Prod_31719330,,,,
49131.0,Prod_46005120,,,,
18123.0,Prod_62970272,,,,
18222.0,Prod_21262390,,,,
34074.0,Prod_28938580,,,,
39825.0,Prod_70184609,,,,
66321.0,Prod_57993069,,,,
35988.0,Prod_45539644,,,,
45507.0,Prod_13135115,,,,
85761.0,Prod_17353021,,,,
19752.0,Prod_25900718,,,,
78993.0,Prod_30698694,,,,
52616.0,Prod_69098521,,,,
62127.0,Prod_46892310,,,,
84777.0,Prod_59281465,,,,
10453.0,Prod_85205136,,,,
85432.0,Prod_28941670,,,,
97362.0,Prod_13387721,,,,
20976.0,Prod_43497750,,,,
80404.0,Prod_16634301,,,,
91932.0,Prod_21852127,,,,
87707.0,Prod_28563856,,,,
99647.0,Prod_15637049,,,,
43688.0,Prod_73523794,,,,
96840.0,Prod_13340381,,,,
12017.0,Prod_28140038,,,,
17957.0,Prod_53512487,,,,
14792.0,Prod_25789946,,,,
65982.0,Prod_21032016,,,,
23237.0,Prod_79662546,,,,
61586.0,Prod_68402344,,,,
91787.0,Prod_55572833,,,,
29252.0,Prod_47746622,,,,
20707.0,Prod_83116840,,,,
44206.0,Prod_69356820,,,,
67851.0,Prod_84014252,,,,
65311.0,Prod_30064486,,,,
75867.0,Prod_67088763,,,,
98780.0,Prod_71928157,,,,
67196.0,Prod_12815767,,,,
83705.0,Prod_79164906,,,,
67894.0,Prod_50439639,,,,
97640.0,Prod_13858619,,,,
24591.0,Prod_32478600,,,,
58893.0,Prod_66171836,,,,
10727.0,Prod_23524929,,,,
31359.0,Prod_54430538,,,,
53822.0,Prod_76492388,,,,
98534.0,Prod_11331426,,,,
20929.0,Prod_53295367,,,,
70091.0,Prod_43603282,,,,
33519.0,Prod_17752523,,,,
27393.0,Prod_21785516,,,,
44318.0,Prod_71552487,,,,
84531.0,Prod_40277128,,,,
57934.0,Prod_44774918,,,,
91103.0,Prod_58359822,,,,
38840.0,Prod_45045859,,,,
99367.0,Prod_46666572,,,,
23265.0,Prod_12258370,o,6/1/25,9/1/25,
15424.0,Prod_50445766,,,,
30625.0,Prod_26411065,,,,
89622.0,Prod_86626716,,,,
39187.0,Prod_13313593,,,,
45929.0,Prod_74586378,,,,
71892.0,Prod_44439956,,,,
30539.0,Prod_89825604,,,,
66630.0,Prod_78447155,,,,
90378.0,Prod_98721644,,,,
19215.0,Prod_45126972,,,,
49385.0,Prod_54769564,,,,
97580.0,Prod_54080817,,,,
87462.0,Prod_25349100,,,,
35008.0,Prod_52072162,,,,
58928.0,Prod_76555948,,,,
93096.0,Prod_38350244,,,,
99876.0,Prod_80532060,,,,
34976.0,Prod_52309048,,,,
37626.0,Prod_47250813,,,,
69789.0,Prod_25271970,,,,
73645.0,Prod_19044701,,,,
83396.0,Prod_52080372,,,,
17526.0,Prod_66024148,,,,
49500.0,Prod_74828602,,,,
78049.0,Prod_76191334,,,,
83366.0,Prod_83565538,,,,
90317.0,Prod_54374774,,,,
69117.0,Prod_68591182,,,,
66096.0,Prod_20410675,,,,
17910.0,Prod_84303424,,,,
91383.0,Prod_28513823,,,,
81185.0,Prod_67575174,,,,
60248.0,Prod_26315282,,,,
84656.0,Prod_62039596,,,,
11951.0,Prod_86896905,,,,
75212.0,Prod_67642776,,,,
85701.0,Prod_46902423,,,,
89888.0,Prod_71368644,,,,
85282.0,Prod_28766587,,,,
51954.0,Prod_65791602,,,,
99719.0,Prod_48920486,,,,
18804.0,Prod_23051998,,,,
10595.0,Prod_20508835,,,,
39592.0,Prod_27665485,,,,
50643.0,Prod_70634335,,,,
72665.0,Prod_70191445,,,,
30823.0,Prod_40439570,,,,
15972.0,Prod_39706414,,,,
25882.0,Prod_31454389,,,,
76394.0,Prod_51293852,,,,
81055.0,Prod_44476836,,,,
33769.0,Prod_59923114,,,,
35020.0,Prod_69044059,,,,
52748.0,Prod_59805666,,,,
95374.0,Prod_20841994,x,7/7/25,8/7/25,SO OOS
54912.0,Prod_95575202,,,,
22879.0,Prod_52477952,,,,
43798.0,Prod_74880039,x,7/7/25,8/7/25,SO OOS
99826.0,Prod_31440646,,,,
56073.0,Prod_78294749,,,,
85791.0,Prod_32932773,,,,
76983.0,Prod_18428612,,,,
53005.0,Prod_33958174,,,,
12850.0,Prod_52825789,,,,
38400.0,Prod_53921651,,,,
33535.0,Prod_89249690,,,,
85536.0,Prod_64149746,,,,
14055.0,Prod_20699296,,,,
48170.0,Prod_69774507,,,,
38251.0,Prod_83620438,,,,
14532.0,Prod_32900313,,,,
14924.0,Prod_34725589,,,,
58037.0,Prod_49197830,,,,
88082.0,Prod_26254033,,,,
75421.0,Prod_57486122,,,,
41225.0,Prod_53765629,,,,
46021.0,Prod_80887128,,,,
13782.0,Prod_19881975,,,,
98877.0,Prod_32025768,,,,
99630.0,Prod_91190513,,,,
59111.0,Prod_52338762,,,,
99402.0,Prod_67055272,,,,
94585.0,Prod_80809323,,,,
52719.0,Prod_71517445,,,,
59037.0,Prod_73988207,,,,
90103.0,Prod_26982584,,,,
13513.0,Prod_75717072,,,,
23335.0,Prod_62549540,,,,
54140.0,Prod_85784990,,,,
90373.0,Prod_62026038,,,,
87658.0,Prod_66376809,,,,
44840.0,Prod_50946443,,,,
41007.0,Prod_91336406,,,,
66947.0,Prod_61235243,,,,
36393.0,Prod_23440006,,,,
67480.0,Prod_36986851,,,,
98290.0,Prod_27977128,,,,
85039.0,Prod_47072821,,,,
91029.0,Prod_63052257,,,,
96335.0,Prod_31059026,,,,
19107.0,Prod_31570409,,,,
15993.0,Prod_75241509,,,,
62066.0,Prod_47475307,,,,
52942.0,Prod_51032756,,,,
26138.0,Prod_86760847,,,,
54527.0,Prod_46721910,,,,
19190.0,Prod_33169445,,,,
88422.0,Prod_53863155,,,,
22379.0,Prod_81661505,,,,
28100.0,Prod_24333825,,,,
73456.0,Prod_37908310,,,,
81091.0,Prod_25183017,,,,
38412.0,Prod_49989353,,,,
61658.0,Prod_36543652,,,,
59549.0,Prod_64068238,,,,
91149.0,Prod_25175215,NP,6/1/25,9/1/25,Sprouts
27199.0,Prod_35771637,,,,
43541.0,Prod_37826957,,,,
39063.0,Prod_30331498,,,,
25689.0,Prod_87718371,,,,
49519.0,Prod_15249243,,,,
16716.0,Prod_29939124,,,,
25434.0,Prod_54615473,,,,
21120.0,Prod_46182737,,,,
31778.0,Prod_15460155,,,,
69675.0,Prod_76151114,,,,
14263.0,Prod_12420751,,,,
37266.0,Prod_14718930,,,,
63026.0,Prod_86488244,,,,
50701.0,Prod_87960627,,,,
61287.0,Prod_10307663,,,,
97759.0,Prod_68392492,,,,
64530.0,Prod_26689488,,,,
96436.0,Prod_76698957,,,,
56015.0,Prod_19374804,,,,
25728.0,Prod_21115006,,,,
70408.0,Prod_70595773,,,,
68097.0,Prod_59316977,,,,
67104.0,Prod_60734377,,,,
14951.0,Prod_65301049,,,,
38333.0,Prod_60658540,,,,
31673.0,Prod_12905037,,,,
50870.0,Prod_77198789,,,,
81101.0,Prod_38078042,,,,
35494.0,Prod_81144785,,,,
28646.0,Prod_59118172,,,,
87360.0,Prod_12975544,,,,
78143.0,Prod_82913965,,,,
87527.0,Prod_18061339,,,,
96704.0,Prod_87693187,,,,
48523.0,Prod_82546812,,,,
35163.0,Prod_83705901,,,,
13317.0,Prod_23005609,,,,
25366.0,Prod_55889743,,,,
14150.0,Prod_75358110,,,,
29423.0,Prod_68434288,,,,
14137.0,Prod_41715237,,,,
39992.0,Prod_21098218,,,,
89369.0,Prod_39556514,,,,
76917.0,Prod_92192542,,,,
53827.0,Prod_57350830,,,,
51115.0,Prod_63386524,,,,
83690.0,Prod_56951588,,,,
44235.0,Prod_82801132,,,,
88975.0,Prod_71217073,,,,
29122.0,Prod_45739226,,,,
33956.0,Prod_81655985,,,,
92800.0,Prod_65890792,,,,
55124.0,Prod_65034296,,,,
45897.0,Prod_63476176,,,,
29751.0,Prod_43030002,,,,
40270.0,Prod_60978342,,,,
75184.0,Prod_89258419,,,,
91515.0,Prod_61863116,,,,
26645.0,Prod_81898225,,,,
23382.0,Prod_77973163,,,,
14025.0,Prod_74742511,,,,
43461.0,Prod_10559231,,,,
81260.0,Prod_52558853,,,,
38690.0,Prod_33014736,,,,
11407.0,Prod_21992573,,,,
83568.0,Prod_76897741,,,,
68560.0,Prod_49815474,,,,
27794.0,Prod_74257545,,,,
29881.0,Prod_22285925,,,,
32486.0,Prod_53000205,,,,
67716.0,Prod_69771986,,,,
91494.0,Prod_20976073,,,,
92768.0,Prod_19436942,,,,
20748.0,Prod_35970554,,,,
72785.0,Prod_60327747,,,,
32738.0,Prod_63388105,,,,
35616.0,Prod_45964314,,,,
21182.0,Prod_12488602,,,,
41331.0,Prod_83383280,,,,
41556.0,Prod_91358834,,,,
97505.0,Prod_61885484,,,,
31876.0,Prod_11116995,,,,
18949.0,Prod_51975527,,,,
34099.0,Prod_13212930,,,,
22716.0,Prod_57437045,,,,
48885.0,Prod_76910916,,,,
75220.0,Prod_73173390,,,,
61012.0,Prod_69300330,,,,
47661.0,Prod_17272125,,,,
97318.0,Prod_63842145,,,,
31120.0,Prod_55990040,,,,
29790.0,Prod_29538912,,,,
57374.0,Prod_68457055,x,7/2/25,12/31/29,Discontinued 
44812.0,Prod_30840179,,,,
59570.0,Prod_55007532,,,,
46160.0,Prod_66549753,,,,
27929.0,Prod_11154743,,,,
76606.0,Prod_10838211,,,,2023 inbound
98442.0,Prod_64126929,,,,
52863.0,Prod_29234061,,,,
91837.0,Prod_61054344,,,,
17194.0,Prod_31584044,,,,
37445.0,Prod_74407581,,,,
77038.0,Prod_58780156,,,,
26198.0,Prod_27243262,,,,
31411.0,Prod_76822095,,,,
72501.0,Prod_13386223,,,,
24266.0,Prod_70374747,,,,
49422.0,Prod_63592403,,,,
45208.0,Prod_12604242,,,,
89026.0,Prod_71765590,,,,
61588.0,Prod_16077801,,,,
29867.0,Prod_55050877,,,,
46931.0,Prod_32879146,,,,
34014.0,Prod_21679292,,,,
89872.0,Prod_31360808,,,,
97736.0,Prod_87116314,,,,
15470.0,Prod_50397241,,,,
24953.0,Prod_27844015,,,,
48507.0,Prod_87116314,,,,
16523.0,Prod_14384954,,,,
96923.0,Prod_66189060,,,,
67190.0,Prod_83067138,,,,
57761.0,Prod_69565812,,,,
41169.0,Prod_31933384,,,,
55641.0,Prod_13521376,,,,
43085.0,Prod_10866062,,,,
88137.0,Prod_64876110,,,,
18061.0,Prod_70581531,,,,
45371.0,Prod_80187380,,,,
30805.0,Prod_43562805,,,,
17857.0,Prod_16839716,,,,
21620.0,Prod_26704347,,,,
40111.0,Prod_62707613,,,,
99941.0,Prod_54425197,,,,
21826.0,Prod_86102162,,,,
92428.0,Prod_20166835,,,,
85020.0,Prod_60234748,,,,
15495.0,Prod_91961293,,,,
38481.0,Prod_35796545,,,,
67042.0,Prod_68820370,,,,
38552.0,Prod_19565932,,,,
75242.0,Prod_83862432,,,,
55772.0,Prod_85962900,,,,
53730.0,Prod_69407069,,,,
38948.0,Prod_59423493,,,,
86311.0,Prod_96570172,x,7/7/25,12/31/29,Dropped by TBS
79093.0,Prod_80453412,x,7/7/25,12/31/29,Dropped by TBS
26535.0,Prod_26405018,,,,
56562.0,Prod_53737029,,,,
13127.0,Prod_92174768,,,,
55528.0,Prod_20429284,,,,
87095.0,Prod_49755442,,,,
78931.0,Prod_47078533,,,,
76381.0,Prod_13825840,,,,
61024.0,Prod_53003610,NP,6/1/25,9/1/25,Sprouts
13832.0,Prod_76151953,,,,
22467.0,Prod_11829204,,,,
61638.0,Prod_11009937,,,,
77084.0,Prod_20290368,,,,
80601.0,Prod_25197849,,,,
98416.0,Prod_35222881,,,,
13407.0,Prod_83064137,,,,
42940.0,Prod_26421813,,,,
15666.0,Prod_21997282,,,,
36505.0,Prod_80538201,,,,
46713.0,Prod_93618981,,,,
91132.0,Prod_12841622,,,,
13880.0,Prod_86012354,,,,
53454.0,Prod_54528694,,,,
65711.0,Prod_37751397,,,,
78321.0,Prod_52680178,,,,
97985.0,Prod_76753677,,,,
70102.0,Prod_28432012,,,,
60726.0,Prod_84854913,,,,
58784.0,Prod_92206755,,,,
53333.0,Prod_83051786,,,,
50828.0,Prod_15658030,,,,
63997.0,Prod_50996519,,,,
60341.0,Prod_38271498,x,,12/31/29,
29073.0,Prod_41033992,,,,
30316.0,Prod_56262830,,,,
36183.0,Prod_24951894,,,,
95781.0,Prod_12167207,,,,
56705.0,Prod_89819411,,,,
80821.0,Prod_21595561,,,,
95366.0,Prod_38744608,,,,
43332.0,Prod_86478015,,,,
96486.0,Prod_66084707,,,,
65182.0,Prod_42911126,,,,
42991.0,Prod_19809559,,,,
11893.0,Prod_48574063,,,,
24016.0,Prod_40438404,,,,
92994.0,Prod_87399966,,,,
22161.0,Prod_50693581,,,,
73745.0,Prod_41307496,,,,
57779.0,Prod_41216239,,,,
92421.0,Prod_67309218,,,,
29950.0,Prod_65158879,,,,
25173.0,Prod_64297606,,,,
54377.0,Prod_71070240,,,,
77838.0,Prod_67510290,,,,
19472.0,Prod_33601544,,,,
79263.0,Prod_58737123,,,,
67602.0,Prod_80524781,,,,
76060.0,Prod_44487601,,,,
19079.0,Prod_11277042,x,7/15/25,9/1/25,Pillar | 0 available on airtable
18399.0,Prod_88516075,,,,
70726.0,Prod_44424614,,,,
26532.0,Prod_94644828,,,,
34570.0,Prod_36810205,,,,
48104.0,Prod_54329510,,,,
73370.0,Prod_41718764,,,,
14551.0,Prod_11196711,,,,
88194.0,Prod_62061963,,,,
39685.0,Prod_83506535,,,,
98916.0,Prod_89344341,,,,
77847.0,Prod_25067252,,,,
71192.0,Prod_60347434,,,,
68865.0,Prod_46926452,,,,
89096.0,Prod_29071386,,,,
70686.0,Prod_80022875,,,,
58733.0,Prod_85962341,,,,
35993.0,Prod_65505231,,,,
40492.0,Prod_80905106,,,,
34143.0,Prod_66356294,,,,
87603.0,Prod_34915577,,,,
99452.0,Prod_13877661,,,,
70277.0,Prod_30176815,x,6/30/25,7/31/25,No ETA
59990.0,Prod_50710633,,,,
72888.0,Prod_53424148,,,,
79351.0,Prod_22745687,,,,
80309.0,Prod_61471093,,,,
22446.0,Prod_38573244,,,,
31576.0,Prod_32736139,,,,
27948.0,Prod_33487202,,,,
48826.0,Prod_27181959,,,,
99051.0,Prod_75779840,,,,
37867.0,Prod_69077614,!,7/3/25,12/31/25,Large BTG placement
82233.0,Prod_66190168,,,,
22963.0,Prod_28677967,,,,
74360.0,Prod_29347620,,,,
30269.0,Prod_62325062,,,,
89732.0,Prod_84889800,,,,
91494.0,Prod_66493211,,,,
98905.0,Prod_33181819,,,,
92867.0,Prod_16271092,,,,
88972.0,Prod_61100688,,,,
43332.0,Prod_16722109,,,,
79206.0,Prod_70892194,,,,
12251.0,Prod_20241726,,,,
37027.0,Prod_21229919,,,,
96551.0,Prod_75848420,,,,
15077.0,Prod_45646311,,,,
56015.0,Prod_84315784,,,,
69180.0,Prod_66295605,,,,
50857.0,Prod_78962662,,,,
69840.0,Prod_27725736,,,,
44831.0,Prod_43099207,,,,
90632.0,Prod_26239996,,,,
64225.0,Prod_71577381,,,,
56118.0,Prod_56035913,,,,
38930.0,Prod_74470419,,,,
95707.0,Prod_88694764,,,,
61360.0,Prod_61517806,,,,
97908.0,Prod_31942538,,,,
26559.0,Prod_90100761,,,,
42334.0,Prod_31188466,,,,
28051.0,Prod_39671346,,,,
71715.0,Prod_14925027,,,,
75140.0,Prod_37095611,,,,
60975.0,Prod_90357150,,,,
44808.0,Prod_66289642,,,,
77288.0,Prod_80402743,,,,
68959.0,Prod_18664928,,,,
11849.0,Prod_64010313,,,,
77136.0,Prod_22017303,,,,
30183.0,Prod_81005812,,,,
11132.0,Prod_73079813,,,,
48259.0,Prod_36184486,,,,
73668.0,Prod_40022227,,,,
48563.0,Prod_39228783,,,,
20931.0,Prod_45494754,,,,
83169.0,Prod_68998604,,,,
68901.0,Prod_24126927,,,,
11044.0,Prod_60928248,,,,
56691.0,Prod_76442190,,,,
34363.0,Prod_55625837,,,,
49390.0,Prod_25540420,,,,
59252.0,Prod_25281446,,,,
65809.0,Prod_64944782,,,,
95945.0,Prod_91361941,,,,
16073.0,Prod_86184673,,,,
90818.0,Prod_58840819,,,,
20195.0,Prod_44919837,,,,
40562.0,Prod_81140064,,,,
34845.0,Prod_40409839,,,,
70752.0,Prod_35818650,,,,
84233.0,Prod_67184889,,,,
72532.0,Prod_58470542,,,,
88636.0,Prod_67548129,,,,
67705.0,Prod_80396914,,,,
69025.0,Prod_16629117,,,,
42317.0,Prod_16598848,,,,
41416.0,Prod_59862828,,,,
52012.0,Prod_14295139,,,,
36498.0,Prod_29030400,,,,
21953.0,Prod_27375610,,,,
89079.0,Prod_37527046,,,,
41629.0,Prod_64425870,,,,
33610.0,Prod_15539748,,,,
67184.0,Prod_77378599,,,,
31602.0,Prod_10957999,,,,
22305.0,Prod_20485054,,,,
14700.0,Prod_32636331,,,,
59476.0,Prod_59813832,,,,
84852.0,Prod_20325786,,,,
41673.0,Prod_18278400,,,,
47860.0,Prod_64693466,,,,
33525.0,Prod_54662768,,,,
63028.0,Prod_42590233,,,,
25733.0,Prod_41468320,,,,
19247.0,Prod_84573467,,,,
33840.0,Prod_27414487,,,,
71954.0,Prod_84732216,,,,
71869.0,Prod_48215273,,,,
81621.0,Prod_56609521,,,,
87926.0,Prod_65166646,,,,
88816.0,Prod_43979459,,,,
99654.0,Prod_36942057,,,,
80400.0,Prod_22187612,,,,
20702.0,Prod_95160178,,,,
25385.0,Prod_91283661,,,,
19336.0,Prod_18143366,,,,
75449.0,Prod_26176187,,,,
54722.0,Prod_80482490,,,,
25078.0,Prod_12031925,,,,
15419.0,Prod_74297061,,,,
86086.0,Prod_84943833,,,,
68760.0,Prod_30530162,,,,
40337.0,Prod_14353650,,,,
11468.0,Prod_28991027,,,,
34309.0,Prod_66398038,,,,
76344.0,Prod_22066436,,,,
91899.0,Prod_18079330,,,,
38718.0,Prod_34496059,,,,
56660.0,Prod_19605961,,,,
60281.0,Prod_70497313,,,,
10767.0,Prod_48957595,,,,
13895.0,Prod_10298662,,,,
68026.0,Prod_51531618,,,,
50097.0,Prod_22455969,,,,
25332.0,Prod_50679014,,,,
24621.0,Prod_38661447,,,,
